{"cameraMode":{"drawMode":0,"name":"Shaded","section":"Shading Mode"},"sceneLighting":false,"audioPlay":false,"sceneViewState":{"m_AlwaysRefresh":false,"showFog":false,"showSkybox":false,"showFlares":false,"showImageEffects":false,"showParticleSystems":false,"showVisualEffectGraphs":false,"m_FxEnabled":true},"in2DMode":false,"pivot":{"x":0.0750800371170044,"y":0.3531319797039032,"z":0.06143200397491455},"rotation":{"x":0.7543342709541321,"y":-0.054047923535108569,"z":0.06260199099779129,"w":0.6512603759765625},"size":1.3808807134628297,"orthographic":true}